1,13.628825,100.500468,,-0.081,0.013,1.021,-1.099,2.93,-1.404,95.235,17.392,-0.341,82,35,1006.73,0.50,0.32,0,100,8.22,193.4,270,0,0,12:34:25
2,13.628825,100.500468,,-0.051,0.012,1.020,-1.038,3.624,-1.495,95.937,15.617,2.045,90,34,1006.81,-0.17,0.31,0,100,8.25,236.2,270,0,0,12:34:27
3,13.628825,100.500468,,0.030,-0.095,0.927,-16.846,30.243,-1.343,84.341,20.586,5.795,94,34,1006.78,0.08,0.26,0,100,8.24,233.8,270,0,0,12:34:29
4,13.628825,100.500468,,-0.401,-0.101,0.812,68.214,33.363,-1.45,82.584,28.04,-9.885,59,34,1006.77,0.17,2.63,0,100,8.24,200.4,135,135,0,12:34:31
5,13.628825,100.500468,,-0.146,-0.245,1.087,-10.117,-11.063,-1.335,73.798,-36.913,7.84,-131,34,1006.80,-0.08,0.96,0,100,8.22,215.9,135,135,0,12:34:33
6,13.628825,100.500468,,-0.572,-0.517,0.513,36.171,-36.163,-1.381,49.902,8.163,20.112,136,34,1006.79,0.00,2.99,0,98,8.17,172.4,135,135,0,12:34:35
7,13.628825,100.500468,,-0.512,-0.592,0.805,-16.167,-28.336,-1.389,60.268,-19.699,25.395,-170,34,1006.74,0.42,0.63,0,98,8.24,170.4,135,135,0,12:34:37
8,13.628825,100.500468,,-0.447,-0.314,0.918,-26.169,32.288,-1.282,78.367,-32.299,20.793,-151,34,1006.70,0.75,7,0,98,8.26,205.6,135,135,0,12:34:39
9,13.628825,100.500468,,-0.287,-0.084,0.901,22.659,20.157,-1.472,82.759,-28.927,22.327,-156,34,1006.75,0.33,7,0,98,8.23,196.9,135,135,0,12:34:41
10,13.628825,100.500468,,0.331,-0.442,0.896,19.279,-5.424,-1.312,100.506,-32.299,-3.068,-114,34,1006.72,0.59,7,0,98,8.24,199.4,135,135,0,12:34:43
11,13.628825,100.500468,,0.347,-0.328,0.831,11.589,4.509,-1.32,100.506,18.811,6.818,98,34,1006.75,0.33,0.33,0,98,8.19,190.1,135,135,0,12:34:45
12,13.628825,100.500468,,0.122,-0.563,0.791,54.779,-47.424,-1.419,44.455,-5.501,17.214,167,34,1006.70,0.75,1.71,0,98,8.19,195.0,135,135,0,12:34:47
13,13.628825,100.500468,,0.283,-0.008,0.871,6.104,37.01,-1.274,40.94,12.245,3.579,99,34,1006.80,-0.08,0.22,0,98,8.22,217.9,135,135,0,12:34:49
14,13.628825,100.500468,,0.448,0.129,1.006,26.268,13.939,-1.419,38.832,13.665,2.897,95,34,1006.68,0.92,0.23,0,98,8.26,173.8,135,135,0,12:34:51
15,13.628825,100.500468,,0.741,0.147,0.528,38.246,1.923,-1.419,80.299,-27.152,-31.872,-63,34,1006.72,0.59,0.35,0,98,8.19,216.1,135,135,0,12:34:53
16,13.628825,100.500468,,0.291,-0.008,0.947,8.064,11.444,-1.396,39.535,13.665,-2.897,76,34,1006.68,0.92,0.23,0,98,8.18,172.5,135,135,0,12:34:55
17,13.628825,100.500468,,0.008,0.030,1.045,-4.7,-42.877,-1.35,37.426,12.245,-5.624,66,34,1006.70,0.75,0.19,0,98,8.19,253.4,135,135,0,12:34:56
18,13.628825,100.500468,,0.096,0.018,1.022,-2.899,6.104,-1.266,37.25,9.583,-3.068,78,34,1006.70,0.75,0.20,0,98,8.20,273.1,135,135,0,12:34:57
19,13.628825,100.500468,,0.404,0.029,0.857,7.057,3.609,-1.526,37.602,9.228,-1.704,84,34,1006.77,0.17,7,0,98,8.21,209.3,135,135,0,12:34:58
20,13.628825,100.500468,,0.340,0.047,0.944,-0.801,2.777,-1.48,37.075,10.116,0.17,91,34,1006.78,0.08,7,0,98,8.18,214.4,135,135,0,12:34:59
21,13.628825,100.500468,,0.339,0.051,0.944,-1.221,4.539,-1.335,37.426,7.986,-1.534,87,34,1006.69,0.84,7,0,98,8.19,265.4,135,135,0,12:35:00
22,13.628825,100.500468,,0.345,0.050,0.947,-0.977,2.312,-1.518,36.899,6.744,-2.045,87,34,1006.74,0.42,7,0,98,8.23,241.1,135,135,0,12:35:01
23,13.628825,100.500468,,0.346,0.047,0.939,-1.259,2.846,-1.472,36.548,7.809,-1.364,88,34,1006.73,0.50,7,0,98,8.21,240.9,135,135,0,12:35:02
24,13.628825,100.500468,,0.351,0.051,0.940,-0.298,8.278,-1.541,36.02,9.051,-1.534,85,34,1006.73,0.50,7,0,98,8.20,250.2,135,135,0,12:35:03
25,13.628825,100.500468,,0.340,0.053,0.942,-1.083,1.541,-1.366,35.845,9.228,-1.364,86,34,1006.68,0.92,7,0,98,8.20,219.2,135,135,0,12:35:04
26,13.628825,100.500468,,0.360,0.063,0.938,-1.106,2.266,-1.595,37.426,8.696,-0.511,91,35,1006.72,0.59,7,0,98,8.22,209.4,135,135,0,12:35:05
27,13.628825,100.500468,,0.340,0.046,0.940,-0.961,2.037,-1.366,36.02,8.696,-1.193,88,35,1006.74,0.42,7,0,98,8.22,209.2,135,135,0,12:35:06
28,13.628825,100.500468,,0.344,0.038,0.948,-0.725,2.899,-1.221,36.899,9.228,-1.704,84,35,1006.78,0.08,7,0,98,8.20,296.0,135,135,0,12:35:07
29,13.628825,100.500468,,0.342,0.053,0.940,-1.236,2.304,-1.366,34.791,9.583,-1.364,85,35,1006.72,0.59,7,0,98,8.20,214.7,135,135,0,12:35:08
30,13.628825,100.500468,,0.336,0.053,0.949,-0.847,2.541,-1.335,37.778,7.986,-1.875,85,35,1006.75,0.33,7,0,98,8.20,249.4,135,135,0,12:35:09
31,13.628825,100.500468,,0.341,0.052,0.945,-1.06,2.846,-1.419,36.196,9.228,-1.704,84,35,1006.79,0.00,7,0,98,8.17,207.7,135,135,0,12:35:10
32,13.628825,100.500468,,0.341,0.048,0.950,-1.053,2.541,-1.534,36.548,9.583,-2.045,82,35,1006.69,0.84,7,0,98,8.21,211.9,135,135,0,12:35:11
33,13.628825,100.500468,,0.337,0.051,0.947,-1.06,2.38,-1.541,35.142,7.454,-2.386,83,35,1006.67,1.00,7,0,98,8.21,211.5,135,135,0,12:35:12
34,13.628825,100.500468,,0.316,0.099,0.982,-0.526,3.242,-1.503,36.723,8.696,-1.875,84,35,1006.67,1.00,7,0,98,8.20,219.3,135,135,0,12:35:13
35,13.628825,100.500468,,0.338,0.019,0.952,-1.137,1.549,-1.572,36.548,8.873,-1.704,85,35,1006.70,0.75,7,0,98,8.23,309.3,135,135,0,12:35:14
36,13.628825,100.500468,,0.224,-0.144,0.877,-3.288,3.166,-1.488,35.318,8.696,-1.193,88,35,1006.70,0.75,7,0,98,8.21,227.0,135,135,0,12:35:15
37,13.628825,100.500468,,0.298,-0.111,0.880,-2.312,-4.73,-1.564,36.548,8.518,-2.045,84,35,1006.71,0.67,0.28,0,98,8.17,209.7,135,135,0,12:35:16
38,13.628825,100.500468,,0.346,0.049,0.933,-0.771,2.899,-1.45,34.791,8.873,-1.023,88,35,1006.71,0.67,0.28,0,97,8.14,231.4,135,135,0,12:35:17
39,13.628825,100.500468,,0.378,0.089,0.899,3.838,19.859,-1.35,37.602,10.293,-0.682,87,35,1006.71,0.67,7,0,97,8.21,216.6,135,135,0,12:35:18
40,13.628825,100.500468,,0.243,-0.355,0.882,1.991,15.839,-1.328,36.723,8.696,-0.852,89,35,1006.67,1.00,7,0,97,8.22,229.8,135,135,0,12:35:19
41,13.628825,100.500468,,0.496,0.177,0.951,-2.991,-2.266,-1.434,38.129,9.761,-1.875,83,35,1006.62,1.42,7,0,97,8.21,218.7,135,135,0,12:35:20
42,13.628825,100.500468,,0.137,-0.221,0.845,-1.999,7.034,-1.381,35.318,9.761,-1.534,84,35,1006.69,0.84,7,0,96,8.13,357.8,135,135,0,12:35:21
43,13.628825,100.500468,,0.263,-0.214,0.876,-0.587,8.286,-1.434,35.669,7.986,-2.557,82,35,1006.70,0.75,0.28,0,96,8.15,282.0,135,135,0,12:35:22
44,13.628825,100.500468,,0.294,0.065,1.051,-3.876,-0.969,-1.48,36.899,9.228,-1.023,88,35,1006.66,1.09,0.28,0,96,8.21,209.1,135,135,0,12:35:23
45,13.628825,100.500468,,0.417,0.187,0.795,3.12,11.917,-1.221,37.426,8.696,-0.852,89,35,1006.66,1.09,7,0,96,8.19,235.3,135,135,0,12:35:24
46,13.628825,100.500468,,0.624,0.187,1.041,0.237,8.942,-1.457,35.845,8.518,-1.704,85,35,1006.71,0.67,7,0,96,8.24,232.8,135,135,0,12:35:25
47,13.628825,100.500468,,0.196,-0.229,0.930,-5.325,-12.886,-1.427,37.25,9.938,-1.364,85,35,1006.74,0.42,7,0,96,8.24,235.6,135,135,0,12:35:26
48,13.628825,100.500468,,0.503,0.287,1.090,-3.571,-2.853,-1.274,36.548,9.228,-2.727,80,35,1006.75,0.33,7,0,96,8.17,221.6,135,135,0,12:35:27
49,13.628825,100.500468,,0.366,0.390,1.012,-1.915,-7.553,-1.404,37.075,10.471,-1.193,85,35,1006.65,1.17,7,0,96,8.14,229.7,135,135,0,12:35:28
50,13.628825,100.500468,,0.186,0.034,0.914,1.045,9.056,-1.282,36.02,11.18,0.17,89,35,1006.71,0.67,0.26,0,96,8.16,251.1,135,135,0,12:35:29
51,13.628825,100.500468,,0.243,0.259,0.948,2.548,16.068,-1.312,36.723,6.566,-3.238,80,35,1006.74,0.42,7,0,96,8.20,225.6,135,135,0,12:35:30
52,13.628825,100.500468,,0.424,-0.083,1.111,-0.031,8.568,-1.411,36.196,9.938,-1.704,84,35,1006.75,0.33,7,0,96,8.20,277.3,135,135,0,12:35:31
53,13.628825,100.500468,,0.203,-0.060,0.809,2.861,13.878,-1.419,37.25,9.228,-1.704,84,35,1006.73,0.50,7,0,96,8.20,254.2,135,135,0,12:35:32
54,13.628825,100.500468,,0.580,0.029,1.066,-3.578,-4.936,-1.45,38.129,8.341,-0.511,91,35,1006.68,0.92,7,0,96,8.18,204.3,135,135,0,12:35:33
55,13.628825,100.500468,,0.322,-0.105,1.010,2.281,15.533,-1.442,36.723,9.761,-1.193,86,35,1006.67,1.00,7,0,96,8.21,211.2,135,135,0,12:35:34
56,13.628825,100.500468,,0.292,0.073,1.013,-2.037,-4.997,-1.434,36.723,9.761,-0.852,87,35,1006.64,1.26,0.27,0,96,8.21,212.0,135,135,0,12:35:35
57,13.628825,100.500468,,0.105,-0.541,0.715,-0.42,5.76,-1.434,36.02,9.406,-0.852,88,35,1006.65,1.17,7,0,96,8.22,196.7,135,135,0,12:35:36
58,13.628825,100.500468,,0.150,-0.463,0.707,-1.671,-1.48,-1.381,35.845,9.583,-1.704,84,35,1006.69,0.84,7,0,96,8.22,199.3,135,135,0,12:35:38
59,13.628825,100.500468,,0.353,-0.016,0.892,-2.548,-0.732,-1.389,36.02,9.761,-1.193,86,35,1006.72,0.59,5.24,0,96,8.16,180.9,135,135,0,12:35:40
60,13.628825,100.500468,,0.595,0.585,1.130,-0.778,-1.686,-1.328,36.899,9.583,-2.045,82,35,1006.74,0.42,7,0,96,8.20,245.0,135,135,0,12:35:41
61,13.628825,100.500468,,0.138,-0.212,0.779,-0.938,2.388,-1.328,35.142,10.293,-1.023,86,35,1006.61,1.51,7,0,96,8.20,264.3,135,135,0,12:35:42
62,13.628825,100.500468,,0.418,0.222,0.996,-0.366,0.687,-1.381,36.899,10.293,-2.045,82,35,1006.69,0.84,7,0,96,8.20,230.8,135,135,0,12:35:43
63,13.628825,100.500468,,0.319,-0.058,0.900,-0.717,1.259,-1.465,37.25,9.938,-1.704,84,35,1006.75,0.33,7,0,96,8.16,233.9,135,135,0,12:35:44
64,13.628825,100.500468,,0.164,-0.083,0.911,-2.93,-7.217,-1.45,36.723,7.276,0.17,97,35,1006.64,1.26,7,0,96,8.20,231.2,135,135,0,12:35:45
65,13.628825,100.500468,,0.109,-0.165,0.815,-0.069,11.948,-1.472,36.196,8.873,-1.364,86,35,1006.72,0.59,7,0,96,8.16,275.1,135,135,0,12:35:46
66,13.628825,100.500468,,0.622,0.600,1.007,-1.472,-6.294,-1.419,35.669,10.471,-1.193,85,35,1006.69,0.84,7,0,96,8.19,244.6,135,135,0,12:35:47
67,13.628825,100.500468,,0.309,0.079,1.012,-4.822,-11.818,-1.472,37.953,8.518,-1.704,85,35,1006.68,0.92,7,0,96,8.20,244.2,135,135,0,12:35:48
68,13.628825,100.500468,,0.385,0.195,1.065,-1.839,2.716,-1.389,37.25,11.003,-1.364,84,35,1006.75,0.33,7,0,96,8.16,359.4,135,135,0,12:35:49
69,13.628825,100.500468,,0.381,-0.142,1.042,-1.442,1.175,-1.389,36.899,7.454,0.0,96,35,1006.74,0.42,7,0,96,8.20,232.1,135,135,0,12:35:50
70,13.628825,100.500468,,0.707,0.088,1.042,-4.715,-11.177,-1.389,36.548,9.228,-1.023,88,36,1006.69,0.84,7,0,96,8.19,217.1,135,135,0,12:35:51
71,13.628825,100.500468,,0.420,0.213,1.007,-5.386,-12.726,-1.305,37.075,9.051,-0.852,89,36,1006.67,1.00,7,0,96,8.16,199.9,135,135,0,12:35:52
72,13.628825,100.500468,,0.206,-0.448,0.781,-3.304,2.762,-1.19,36.196,9.228,-0.341,91,36,1006.69,0.84,7,0,96,8.13,236.5,135,135,0,12:35:53
73,13.628825,100.500468,,0.176,-0.585,0.683,-2.67,-5.737,-1.358,36.372,9.406,-0.511,89,36,1006.70,0.75,7,0,95,8.11,276.1,135,135,0,12:35:54
74,13.628825,100.500468,,0.326,0.009,0.928,-0.618,4.585,-1.16,37.075,11.18,-3.579,74,36,1006.69,0.84,7,0,95,8.17,261.5,135,135,0,12:35:55
75,13.628825,100.500468,,0.277,-0.131,0.895,0.877,9.651,-1.396,36.02,7.986,-0.17,94,36,1006.73,0.50,7,0,95,8.18,236.3,135,135,0,12:35:56
76,13.628825,100.500468,,0.166,-0.181,0.747,-0.755,4.242,-1.549,37.25,7.809,-1.364,88,36,1006.71,0.67,7,0,95,8.19,258.9,135,135,0,12:35:57
77,13.628825,100.500468,,0.463,-0.178,0.934,-4.349,-8.522,-1.343,36.548,8.163,-1.704,86,36,1006.73,0.50,7,0,95,8.17,301.4,135,135,0,12:35:58
78,13.628825,100.500468,,0.269,0.047,0.946,-4.059,-7.454,-1.366,36.899,9.583,-0.341,90,36,1006.76,0.25,7,0,95,8.19,295.3,135,135,0,12:35:59
79,13.628825,100.500468,,0.251,-0.612,0.707,-4.074,-2.998,-1.396,35.845,9.228,-1.023,88,36,1006.74,0.42,7,0,95,8.13,279.4,135,135,0,12:36:00
80,13.628825,100.500468,,0.157,0.203,0.929,0.626,7.05,-1.488,37.25,9.228,-1.704,84,36,1006.75,0.33,7,0,95,8.16,248.4,135,135,0,12:36:01
81,13.628825,100.500468,,0.208,-0.359,0.954,-2.098,-1.503,-1.556,35.669,8.696,-0.17,92,36,1006.63,1.34,7,0,95,8.17,214.9,135,135,0,12:36:02
82,13.628825,100.500468,,0.368,-0.641,0.911,-2.251,-2.396,-1.442,35.142,9.228,-1.704,84,36,1006.75,0.33,7,0,95,8.17,215.2,135,135,0,12:36:03
83,13.628825,100.500468,,0.645,0.061,1.142,-3.159,-6.905,-1.35,37.426,10.825,-0.852,86,36,1006.75,0.33,7,0,95,8.21,237.3,135,135,0,12:36:04
84,13.628825,100.500468,,0.470,0.301,1.103,-0.71,8.247,-1.213,36.02,9.051,0.511,94,36,1006.71,0.67,7,0,95,8.16,305.3,135,135,0,12:36:05
85,13.628825,100.500468,,0.366,-0.041,0.944,-0.13,8.232,-1.373,37.953,9.938,-2.045,82,36,1006.67,1.00,7,0,95,8.14,328.5,135,135,0,12:36:06
86,13.628825,100.500468,,0.436,0.508,1.092,-1.602,0.145,-1.32,35.669,8.696,-1.875,84,36,1006.72,0.59,7,0,95,8.19,243.8,135,135,0,12:36:07
87,13.628825,100.500468,,0.660,0.504,1.126,0.587,15.396,-1.427,37.778,9.761,-0.511,89,36,1006.75,0.33,7,0,95,8.14,219.5,135,135,0,12:36:08
88,13.628825,100.500468,,0.255,0.218,0.942,-2.411,-4.639,-1.404,35.318,9.051,-2.216,82,36,1006.77,0.17,7,0,95,8.16,254.6,135,135,0,12:36:09
89,13.628825,100.500468,,0.635,0.029,1.094,-6.317,-17.059,-1.19,37.075,8.696,-1.534,86,36,1006.72,0.59,7,0,95,8.17,239.3,135,135,0,12:36:10
90,13.628825,100.500468,,0.721,0.378,1.112,-1.274,-2.365,-1.076,37.25,8.873,-0.682,90,36,1006.76,0.25,7,0,95,8.17,190.3,135,135,0,12:36:11
91,13.628825,100.500468,,0.083,-0.516,0.621,-2.35,15.16,-1.289,36.723,8.696,-1.875,84,36,1006.76,0.25,6.75,0,95,8.14,298.4,135,135,0,12:36:12
92,13.628825,100.500468,,0.188,0.144,0.897,0.191,4.959,-1.472,36.548,11.713,-0.682,86,36,1006.75,0.33,7,0,95,8.19,308.0,135,135,0,12:36:13
93,13.628825,100.500468,,0.155,-0.004,0.859,1.236,16.159,-1.381,36.02,9.406,-1.875,83,36,1006.71,0.67,7,0,95,8.16,224.2,135,135,0,12:36:14
94,13.628825,100.500468,,0.111,-0.482,0.824,1.175,24.017,-1.427,34.439,8.873,-1.023,88,36,1006.70,0.75,7,0,95,8.16,231.0,135,135,0,12:36:15
95,13.628825,100.500468,,0.233,0.240,0.963,1.541,11.925,-1.442,37.075,9.761,0.17,92,36,1006.72,0.59,7,0,95,8.18,233.7,135,135,0,12:36:16
96,13.628825,100.500468,,0.212,-0.043,0.995,2.579,17.784,-1.488,37.426,8.341,-0.852,90,36,1006.65,1.17,7,0,95,8.17,324.6,135,135,0,12:36:17
97,13.628825,100.500468,,0.256,-0.055,0.961,-2.182,4.738,-1.312,35.845,10.293,-2.386,80,36,1006.74,0.42,5.96,0,95,8.17,244.0,135,135,0,12:36:18
98,13.628825,100.500468,,0.239,0.050,0.961,-3.197,-2.075,-1.373,36.548,8.518,-1.704,85,36,1006.63,1.34,7,0,95,8.15,246.7,135,135,0,12:36:19
99,13.628825,100.500468,,0.390,0.344,0.952,-0.877,2.426,-1.266,35.845,9.228,-1.364,86,36,1006.80,-0.08,7,0,95,8.19,296.6,135,135,0,12:36:20
100,13.628825,100.500468,,0.382,0.480,1.140,-3.105,-9.987,-1.465,35.669,10.116,-1.534,84,36,1006.66,1.09,7,0,95,8.20,285.5,135,135,0,12:36:21
101,13.628825,100.500468,,0.420,0.318,0.935,-1.869,-4.791,-1.45,36.548,10.293,-1.704,83,36,1006.69,0.84,7,0,95,8.20,301.4,135,135,0,12:36:22
102,13.628825,100.500468,,0.446,0.011,0.921,1.015,7.431,-1.328,36.372,9.051,-0.852,89,36,1006.73,0.50,7,0,95,8.14,294.5,135,135,0,12:36:23
103,13.628825,100.500468,,0.366,0.517,0.985,-0.381,-0.725,-1.465,36.196,8.873,-0.682,90,36,1006.65,1.17,7,0,95,8.18,272.2,135,135,0,12:36:24
104,13.628825,100.500468,,0.177,0.161,0.903,1.694,14.435,-1.495,35.318,10.116,-1.193,86,36,1006.72,0.59,7,0,95,8.21,270.9,135,135,0,12:36:25
105,13.628825,100.500468,,0.139,0.032,0.859,-1.534,2.182,-1.343,36.899,9.583,-1.364,85,36,1006.71,0.67,7,0,95,8.14,211.1,135,135,0,12:36:26
106,13.628825,100.500468,,0.265,0.150,0.896,3.235,18.913,-1.366,35.493,9.583,-1.023,87,36,1006.69,0.84,7,0,95,8.20,262.8,135,135,0,12:36:27
107,13.628825,100.500468,,0.194,-0.142,0.745,-0.893,2.876,-1.434,37.075,9.051,-0.511,90,36,1006.75,0.33,6.79,0,95,8.18,305.2,135,135,0,12:36:28
108,13.628825,100.500468,,0.424,-0.566,0.905,-3.082,-4.951,-1.144,36.02,9.761,-0.17,90,36,1006.67,1.00,7,0,95,8.21,284.4,135,135,0,12:36:29
109,13.628825,100.500468,,0.168,-0.205,0.764,-0.397,7.225,-1.526,36.02,9.761,-1.193,86,36,1006.68,0.92,7,0,95,8.12,284.5,135,135,0,12:36:30
110,13.628825,100.500468,,0.428,-0.487,0.849,-2.724,1.427,-1.419,35.493,8.518,-0.682,90,36,1006.77,0.17,6.24,0,95,8.20,202.9,135,135,0,12:36:31
111,13.628825,100.500468,,0.495,-0.031,0.873,-1.389,0.633,-1.411,36.548,9.583,-0.341,90,36,1006.70,0.75,7,0,95,8.20,296.3,135,135,0,12:36:32
112,13.628825,100.500468,,0.521,0.301,1.043,-0.496,0.809,-1.434,35.669,9.051,-1.193,87,36,1006.65,1.17,7,0,95,8.14,209.9,135,135,0,12:36:33
113,13.628825,100.500468,,0.356,0.209,1.041,-1.732,10.62,-1.305,34.966,10.825,-2.557,79,36,1006.63,1.34,7,0,95,8.12,242.6,135,135,0,12:36:34
114,13.628825,100.500468,,0.397,0.042,0.957,0.832,4.501,-1.419,37.25,9.228,-1.704,84,36,1006.70,0.75,7,0,95,8.18,292.2,135,135,0,12:36:35
115,13.628825,100.500468,,0.562,0.539,1.164,-4.562,-11.314,-1.404,36.899,8.518,-0.682,90,36,1006.72,0.59,7,0,95,8.18,327.4,135,135,0,12:36:36
116,13.628825,100.500468,,0.256,-0.513,0.661,1.656,-6.401,-1.442,36.723,8.696,-0.852,89,36,1006.75,0.33,7,0,95,8.11,208.6,135,135,0,12:36:37
117,13.628825,100.500468,,0.221,-0.252,0.870,-4.829,-7.874,-1.411,36.723,9.051,-2.897,79,36,1006.76,0.25,7,0,95,8.12,226.1,135,135,0,12:36:38
118,13.628825,100.500468,,0.251,-0.167,0.780,-3.12,-5.562,-1.373,37.426,10.116,-1.534,84,36,1006.63,1.34,7,0,95,8.18,314.4,135,135,0,12:36:39
119,13.628825,100.500468,,0.634,0.176,0.936,-0.717,3.647,-1.32,34.966,9.406,-0.17,91,36,1006.75,0.33,7,0,95,8.18,235.0,135,135,0,12:36:40
120,13.628825,100.500468,,0.550,0.567,1.097,-3.181,-1.358,-1.282,35.493,8.518,-0.341,92,36,1006.69,0.84,7,0,95,8.18,277.9,135,135,0,12:36:41
121,13.628825,100.500468,,0.601,0.582,1.076,-0.74,-2.51,-1.373,36.723,9.406,-1.534,85,36,1006.75,0.33,7,0,95,8.13,318.4,135,135,0,12:36:42
122,13.628825,100.500468,,0.413,0.493,1.081,-0.473,2.007,-1.366,35.669,9.761,-1.875,83,36,1006.66,1.09,7,0,95,8.12,263.7,135,135,0,12:36:43
123,13.628825,100.500468,,0.438,0.371,1.122,-1.404,-0.092,-1.358,35.669,7.986,-2.216,84,37,1006.76,0.25,6.17,0,95,8.19,186.2,135,135,0,12:36:44
124,13.628825,100.500468,,0.521,0.536,1.133,-0.084,8.179,-1.411,36.196,8.873,-2.045,83,37,1006.68,0.92,7,0,95,8.15,310.3,135,135,0,12:36:45
125,13.628825,100.500468,,0.666,0.436,1.186,-2.655,-1.022,-1.427,37.953,8.873,-3.068,78,37,1006.63,1.34,7,0,95,8.17,292.3,135,135,0,12:36:46
126,13.628825,100.500468,,0.265,-0.528,0.872,1.549,11.833,-1.434,35.493,9.583,-1.364,85,37,1006.71,0.67,7,0,95,8.20,206.4,135,135,0,12:36:47
127,13.628825,100.500468,,0.229,0.027,1.061,0.656,6.996,-1.335,35.845,8.518,-1.704,85,37,1006.68,0.92,7,0,95,8.17,278.8,135,135,0,12:36:48
128,13.628825,100.500468,,0.232,0.112,0.704,-0.74,6.683,-1.45,36.02,9.761,-0.511,89,37,1006.73,0.50,7,0,95,8.14,213.7,135,135,0,12:36:49
129,13.628825,100.500468,,0.002,-0.086,0.804,1.114,16.006,-1.434,37.075,9.761,-0.852,87,37,1006.69,0.84,7,0,95,8.14,245.5,135,135,0,12:36:50
130,13.628825,100.500468,,0.431,0.231,0.897,0.671,6.714,-1.274,37.075,10.471,-1.534,84,37,1006.70,0.75,7,0,95,8.11,345.7,135,135,0,12:36:51
131,13.628825,100.500468,,0.397,0.048,0.797,2.197,9.872,-1.32,36.899,9.938,-1.704,84,37,1006.75,0.33,7,0,95,8.14,240.3,135,135,0,12:36:52
132,13.628825,100.500468,,0.270,0.034,0.882,0.244,6.744,-1.32,37.25,7.809,-2.727,81,37,1006.67,1.00,7,0,95,8.12,208.6,135,135,0,12:36:53
133,13.628825,100.500468,,0.322,0.010,0.889,-2.388,-5.966,-1.465,36.196,9.938,-0.682,88,37,1006.70,0.75,7,0,95,8.19,209.2,135,135,0,12:36:54
134,13.628825,100.500468,,0.661,0.316,1.097,-3.647,-7.118,-1.244,38.656,9.583,-1.704,84,37,1006.71,0.67,7,0,95,8.21,294.3,135,135,0,12:36:55
135,13.628825,100.500468,,0.527,0.204,0.950,-3.616,-6.432,-1.297,35.318,9.406,-1.193,86,37,1006.74,0.42,7,0,95,8.12,209.7,135,135,0,12:36:56
136,13.628825,100.500468,,0.336,0.215,0.970,-3.143,-4.364,-1.48,36.723,9.761,-1.193,86,37,1006.73,0.50,7,0,95,8.12,194.2,135,135,0,12:36:57
137,13.628825,100.500468,,0.298,-0.097,0.793,0.252,5.806,-1.503,36.372,9.051,-1.193,87,37,1006.69,0.84,7,0,95,8.18,282.2,135,135,0,12:36:58
138,13.628825,100.500468,,0.145,-0.335,0.838,-0.214,0.336,-1.32,36.372,10.116,-0.852,87,37,1006.69,0.84,7,0,95,8.21,286.3,135,135,0,12:36:59
139,13.628825,100.500468,,0.267,-0.460,0.797,-0.656,-0.069,-1.419,34.966,9.406,-1.534,85,37,1006.72,0.59,6.55,0,95,8.18,256.8,135,135,0,12:37:00
140,13.628825,100.500468,,0.332,0.053,0.940,0.458,1.396,-1.534,36.723,10.471,-0.852,86,37,1006.73,0.50,7,0,95,8.19,215.4,135,135,0,12:37:01
141,13.628825,100.500468,,0.343,0.055,0.941,-1.274,3.059,-1.389,35.669,9.406,-1.534,85,37,1006.70,0.75,7,0,95,8.17,291.7,135,135,0,12:37:02
142,13.628825,100.500468,,0.343,0.052,0.939,-1.434,2.449,-1.579,35.845,10.648,-1.023,86,37,1006.71,0.67,7,0,95,8.16,214.7,135,135,0,12:37:03
143,13.628825,100.500468,,0.344,0.050,0.943,-1.259,2.136,-1.389,36.723,9.761,0.511,93,37,1006.77,0.17,7,0,95,8.18,215.8,135,135,0,12:37:04
144,13.628825,100.500468,,0.349,0.056,0.940,-1.198,2.304,-1.373,38.129,9.051,-0.852,89,37,1006.71,0.67,7,0,95,8.18,279.3,135,135,0,12:37:05
145,13.628825,100.500468,,0.278,0.050,0.958,-1.259,-3.822,-1.411,37.25,9.228,-1.023,88,37,1006.80,-0.08,7,0,95,8.19,290.1,135,135,0,12:37:06
146,13.628825,100.500468,,0.523,0.022,1.135,0.343,-4.478,-1.358,36.196,11.358,0.341,90,37,1006.74,0.42,0.19,0,95,8.22,233.4,135,135,0,12:37:07
147,13.628825,100.500468,,0.312,0.087,0.954,-1.015,2.563,-1.366,37.075,13.665,-0.511,84,37,1006.78,0.08,0.23,0,95,8.18,256.2,135,135,0,12:37:08
148,13.628825,100.500468,,0.374,0.110,0.966,-3.891,-0.381,-1.434,39.535,15.085,2.897,93,37,1006.81,-0.17,0.21,0,95,8.18,239.5,135,135,0,12:37:09
149,13.628825,100.500468,,0.476,-0.085,0.651,4.227,-8.942,-1.358,44.103,11.18,11.419,119,37,1006.78,0.08,0.57,0,95,8.20,225.4,135,135,0,12:37:10
150,13.628825,100.500468,,0.400,0.104,0.871,-33.569,-9.491,-1.541,105.953,-21.473,-0.852,-122,37,1006.74,0.42,0.23,0,95,8.20,235.3,135,135,0,12:37:12
151,13.628825,100.500468,,0.354,0.049,0.864,-13.13,-5.005,-1.488,62.728,-40.995,-6.988,-107,37,1006.73,0.50,0.19,0,95,8.22,267.0,135,135,0,12:37:14
152,13.628825,100.500468,,0.444,-0.103,0.978,30.106,6.363,-1.373,76.785,-39.93,-9.715,-103,37,1006.66,1.09,0.21,0,95,8.22,270.0,135,135,0,12:37:16
153,13.628825,100.500468,,0.246,0.029,1.020,-2.64,24.254,-1.282,70.635,-37.978,-5.454,-110,36,1006.68,0.92,0.20,0,95,8.17,198.8,135,135,0,12:37:18
154,13.628825,100.500468,,0.278,-0.072,0.856,-27.084,-1.366,-1.389,45.333,-3.194,11.249,162,36,1006.70,0.75,0.19,0,95,8.16,174.7,135,135,0,12:37:20
155,13.628825,100.500468,,0.397,0.475,0.769,4.242,-17.197,-1.366,86.449,10.648,19.089,130,36,1006.73,0.50,0.21,0,95,8.22,256.9,135,135,0,12:37:22
156,13.628825,100.500468,,0.280,0.019,0.969,-1.007,3.014,-1.274,89.261,18.102,13.294,111,36,1006.80,-0.08,0.20,0,95,8.21,273.1,135,135,0,12:37:24
157,13.628825,100.500468,,0.358,0.015,0.934,-1.137,2.35,-1.358,88.558,16.327,13.635,114,36,1006.80,-0.08,0.22,0,95,8.22,269.8,135,135,0,12:37:26
158,13.628825,100.500468,,0.360,0.012,0.936,-1.183,2.914,-1.48,89.612,15.617,11.931,112,36,1006.74,0.42,0.22,0,95,8.22,274.6,135,135,0,12:37:28
159,13.628825,100.500468,,0.358,0.015,0.934,-1.183,2.129,-1.541,88.382,17.214,12.101,110,36,1006.67,1.00,0.20,0,95,8.19,237.6,135,135,0,12:37:30
160,13.628825,100.500468,,0.361,0.012,0.937,-1.213,2.083,-1.472,88.031,14.73,11.078,112,36,1006.71,0.67,0.22,0,95,8.19,238.9,135,135,0,12:37:32
161,13.628825,100.500468,,0.359,0.014,0.934,-1.114,2.67,-1.305,88.733,16.149,12.442,112,36,1006.72,0.59,0.21,0,95,8.23,174.4,135,135,0,12:37:34
162,13.628825,100.500468,,0.362,0.012,0.933,-1.205,1.793,-1.305,87.328,15.795,11.76,111,36,1006.78,0.08,0.22,0,95,8.18,287.3,0,270,0,12:37:36
163,13.628825,100.500468,,0.361,0.015,0.934,-1.015,2.792,-1.274,88.733,17.569,11.76,109,36,1006.66,1.09,0.21,0,95,8.18,226.1,270,0,0,12:37:38
164,13.628825,100.500468,,0.361,0.013,0.934,-1.175,2.838,-1.503,90.139,15.795,11.76,111,36,1006.69,0.84,0.22,0,95,8.21,178.5,135,135,0,12:37:40
165,13.628825,100.500468,,0.358,0.016,0.935,-1.099,2.228,-1.312,88.558,16.327,11.59,110,36,1006.77,0.17,0.22,0,95,8.23,266.1,270,0,0,12:37:42
166,13.628825,100.500468,,0.362,0.013,0.935,-1.137,2.945,-1.259,89.788,16.859,12.101,110,36,1006.76,0.25,0.20,0,95,8.18,192.5,270,0,0,12:37:44
167,13.628825,100.500468,,0.307,0.033,0.925,3.38,20.576,-1.282,87.855,16.327,10.908,109,36,1006.74,0.42,0.22,0,95,8.23,230.1,135,135,0,12:37:46
168,13.628825,100.500468,,-0.002,1.003,-0.005,-1.114,2.411,-1.274,61.147,10.648,21.475,133,36,1006.80,-0.08,0.20,0,95,8.24,168.1,135,135,0,12:37:48
169,13.628825,100.500468,,-0.023,0.996,0.011,-0.206,2.541,-1.35,65.54,-30.347,10.056,-138,36,1006.74,0.42,0.19,0,95,8.15,283.7,135,135,0,12:37:49
170,13.628825,100.500468,,0.016,1.004,-0.005,-1.251,2.365,-1.358,64.837,-32.476,9.374,-136,36,1006.75,0.33,0.21,0,95,8.16,197.8,135,135,0,12:37:50
171,13.628825,100.500468,,0.016,1.005,-0.008,-1.289,2.548,-1.221,63.431,-32.121,10.397,-138,36,1006.80,-0.08,0.19,0,95,8.19,289.1,135,135,0,12:37:51
172,13.628825,100.500468,,0.018,1.004,-0.004,-1.175,2.38,-1.221,64.134,-32.476,7.67,-133,36,1006.75,0.33,0.20,0,95,8.14,276.1,135,135,0,12:37:52
173,13.628825,100.500468,,0.017,1.004,-0.007,-1.244,2.357,-1.343,63.255,-31.234,8.181,-135,36,1006.73,0.50,0.19,0,95,8.15,245.5,135,135,0,12:37:53
174,13.628825,100.500468,,0.018,1.004,-0.006,-1.236,2.373,-1.381,63.607,-30.524,9.204,-137,36,1006.71,0.67,0.21,0,95,8.19,306.2,135,135,0,12:37:54
175,13.628825,100.500468,,0.016,1.005,-0.003,-1.144,2.426,-1.335,62.377,-31.057,10.738,-139,36,1006.73,0.50,0.20,0,95,8.18,209.4,135,135,0,12:37:55
176,13.628825,100.500468,,0.016,1.004,-0.006,-1.175,2.449,-1.572,63.08,-31.057,9.033,-136,36,1006.76,0.25,0.26,0,95,8.17,229.1,135,135,0,12:37:56
177,13.628825,100.500468,,0.016,1.006,-0.007,-1.114,2.51,-1.305,62.904,-31.944,11.249,-139,36,1006.74,0.42,0.20,0,95,8.20,284.7,135,135,0,12:37:57
178,13.628825,100.500468,,0.017,1.004,-0.007,-1.198,2.449,-1.411,64.134,-32.121,9.374,-136,36,1006.78,0.08,0.21,0,95,8.16,320.7,135,135,0,12:37:58
179,13.628825,100.500468,,0.016,1.007,-0.006,-1.114,2.426,-1.541,65.188,-31.767,10.056,-137,36,1006.71,0.67,0.22,0,95,8.14,248.7,135,135,0,12:37:59
180,13.628825,100.500468,,0.015,1.005,-0.006,-1.144,2.38,-1.549,64.837,-30.702,8.351,-135,36,1006.76,0.25,0.24,0,95,8.15,220.1,135,135,0,12:38:00
181,13.628825,100.500468,,0.016,1.004,-0.009,-1.16,2.266,-1.45,62.377,-31.412,8.692,-135,36,1006.67,1.00,0.19,0,95,8.20,305.1,135,135,0,12:38:01
182,13.628825,100.500468,,0.017,1.005,-0.005,-1.19,2.441,-1.419,63.607,-31.234,8.181,-135,36,1006.77,0.17,0.21,0,95,8.21,211.9,135,135,0,12:38:02
183,13.628825,100.500468,,0.015,1.004,-0.006,-1.114,2.48,-1.266,64.31,-33.719,7.84,-132,36,1006.76,0.25,0.21,0,95,8.16,251.1,135,135,0,12:38:03
184,13.628825,100.500468,,0.015,1.005,-0.006,-1.068,2.426,-1.343,64.485,-31.057,6.988,-133,36,1006.71,0.67,0.19,0,95,8.15,247.0,135,135,0,12:38:04
185,13.628825,100.500468,,0.017,1.005,-0.009,-1.175,2.403,-1.541,63.958,-31.589,8.863,-136,36,1006.73,0.50,0.21,0,95,8.14,242.5,135,135,0,12:38:05
186,13.628825,100.500468,,0.017,1.004,-0.009,-1.198,2.411,-1.472,64.837,-31.057,8.011,-135,36,1006.72,0.59,0.19,0,95,8.15,196.4,135,135,0,12:38:06
187,13.628825,100.500468,,0.018,1.003,-0.005,-0.961,2.388,-1.411,63.431,-30.702,9.374,-137,36,1006.72,0.59,0.22,0,95,8.14,229.5,135,135,0,12:38:07
188,13.628825,100.500468,,0.019,1.004,-0.003,-1.114,2.38,-1.526,64.31,-31.944,10.226,-137,36,1006.74,0.42,0.20,0,95,8.13,272.9,135,135,0,12:38:08
189,13.628825,100.500468,,0.018,1.005,-0.009,-1.35,2.472,-1.556,63.783,-30.702,9.374,-137,36,1006.73,0.50,0.21,0,95,8.21,212.9,135,135,0,12:38:09
190,13.628825,100.500468,,0.018,1.005,-0.003,-1.099,2.312,-1.305,64.485,-32.121,9.374,-136,36,1006.71,0.67,0.19,0,95,8.20,289.7,135,135,0,12:38:10
191,13.628825,100.500468,,0.016,1.005,-0.006,-1.228,2.403,-1.389,63.431,-33.186,9.033,-135,36,1006.67,1.00,0.19,0,95,8.22,204.9,135,135,0,12:38:11
192,13.628825,100.500468,,0.016,1.001,-0.012,-0.961,2.396,-1.32,64.485,-30.702,9.715,-138,36,1006.74,0.42,0.21,0,95,8.15,263.7,135,135,0,12:38:12
193,13.628825,100.500468,,0.017,1.005,-0.006,-1.183,2.472,-1.35,63.08,-31.767,10.056,-137,36,1006.78,0.08,0.21,0,95,8.15,229.4,135,135,0,12:38:13
194,13.628825,100.500468,,0.012,1.005,-0.008,-1.068,2.495,-1.457,63.431,-33.541,7.329,-132,36,1006.72,0.59,0.21,0,95,8.19,227.9,135,135,0,12:38:14
195,13.628825,100.500468,,0.018,1.005,-0.008,-1.167,2.464,-1.328,63.958,-31.234,8.863,-136,36,1006.74,0.42,0.22,0,95,8.14,218.9,135,135,0,12:38:15
196,13.628825,100.500468,,0.019,1.003,-0.010,-1.137,2.434,-1.32,63.958,-32.654,8.863,-135,36,1006.72,0.59,0.22,0,95,8.20,173.8,135,135,0,12:38:16
197,13.628825,100.500468,,0.013,1.004,-0.005,-1.213,2.388,-1.404,63.255,-31.234,8.522,-135,36,1006.72,0.59,0.21,0,95,8.19,283.4,135,135,0,12:38:17
198,13.628825,100.500468,,0.016,1.004,-0.007,-1.152,2.419,-1.381,65.54,-30.702,8.011,-135,36,1006.78,0.08,0.19,0,95,8.13,197.7,135,135,0,12:38:18
199,13.628825,100.500468,,0.016,1.005,-0.009,-1.106,2.396,-1.434,63.783,-32.831,6.988,-132,36,1006.79,0.00,0.19,0,95,8.17,212.8,135,135,0,12:38:19
200,13.628825,100.500468,,0.016,1.004,-0.010,-1.32,2.48,-1.19,65.54,-31.767,9.033,-136,35,1006.65,1.17,0.21,0,95,8.20,225.1,135,135,0,12:38:20
201,13.628825,100.500468,,0.016,1.005,-0.008,-1.213,2.464,-1.411,65.54,-31.767,8.011,-134,35,1006.73,0.50,0.19,0,95,8.16,248.1,135,135,0,12:38:21
202,13.628825,100.500468,,0.016,1.001,-0.007,-0.992,2.365,-1.373,63.958,-33.009,8.522,-134,35,1006.74,0.42,0.16,0,95,8.13,234.4,135,135,0,12:38:22
203,13.628825,100.500468,,0.016,1.003,-0.008,-1.274,2.327,-1.32,63.783,-32.831,8.692,-134,35,1006.70,0.75,0.19,0,95,8.21,211.1,135,135,0,12:38:23
204,13.628825,100.500468,,0.016,1.003,-0.008,-1.183,2.502,-1.381,65.364,-33.719,9.545,-135,35,1006.71,0.67,0.20,0,95,8.14,314.0,135,135,0,12:38:24
205,13.628825,100.500468,,0.016,1.006,-0.008,-1.198,2.357,-1.434,63.783,-32.121,8.351,-134,35,1006.73,0.50,0.21,0,95,8.20,209.5,135,135,0,12:38:25
206,13.628825,100.500468,,0.017,1.005,-0.007,-1.297,2.38,-1.541,64.837,-32.121,7.329,-133,35,1006.71,0.67,0.20,0,95,8.18,214.5,135,135,0,12:38:26
207,13.628825,100.500468,,0.018,1.002,-0.007,-1.205,2.434,-1.411,63.255,-31.234,10.226,-138,35,1006.75,0.33,0.22,0,95,8.20,280.8,135,135,0,12:38:27
208,13.628825,100.500468,,0.016,1.005,-0.006,-1.152,2.335,-1.587,63.958,-32.299,9.204,-136,35,1006.73,0.50,0.20,0,95,8.20,285.3,135,135,0,12:38:28
209,13.628825,100.500468,,0.016,1.003,-0.007,-1.053,2.464,-1.434,64.837,-32.121,6.647,-132,35,1006.76,0.25,0.21,0,95,8.20,288.1,135,135,0,12:38:29
210,13.628825,100.500468,,0.018,1.006,-0.004,-1.213,2.48,-1.366,63.431,-30.347,9.033,-137,35,1006.76,0.25,0.21,0,95,8.21,201.3,135,135,0,12:38:30
211,13.628825,100.500468,,0.015,1.006,-0.004,-1.053,2.419,-1.358,63.958,-31.234,7.499,-134,35,1006.76,0.25,0.23,0,95,8.16,211.9,135,135,0,12:38:31
212,13.628825,100.500468,,0.016,1.004,-0.003,-1.122,2.457,-1.45,63.08,-31.412,8.351,-135,35,1006.72,0.59,0.19,0,95,8.10,235.9,135,135,0,12:38:32
213,13.628825,100.500468,,0.015,1.005,-0.003,-1.244,2.495,-1.411,63.783,-31.767,6.988,-132,35,1006.69,0.84,0.21,0,95,8.20,213.8,135,135,0,12:38:33
214,13.628825,100.500468,,0.017,1.003,-0.007,-1.244,2.434,-1.488,64.31,-33.009,8.181,-133,35,1006.75,0.33,0.20,0,95,8.19,287.3,135,135,0,12:38:34
215,13.628825,100.500468,,0.018,1.003,-0.004,-1.251,2.426,-1.328,64.837,-32.476,8.011,-134,35,1006.75,0.33,0.21,0,95,8.19,289.2,135,135,0,12:38:35
216,13.628825,100.500468,,0.017,1.005,-0.005,-1.16,2.441,-1.404,63.255,-32.299,7.158,-132,35,1006.75,0.33,0.19,0,95,8.20,291.5,135,135,0,12:38:36
217,13.628825,100.500468,,0.019,1.004,-0.004,-1.038,2.556,-1.366,63.08,-32.121,9.033,-135,35,1006.71,0.67,0.21,0,95,8.20,214.8,135,135,0,12:38:37
218,13.628825,100.500468,,0.016,1.003,-0.003,-1.007,2.403,-1.503,64.134,-31.412,8.011,-134,35,1006.72,0.59,0.22,0,95,8.20,213.4,135,135,0,12:38:38
219,13.628825,100.500468,,0.017,1.004,-0.008,-1.137,2.411,-1.343,63.783,-31.767,8.351,-135,35,1006.71,0.67,0.21,0,95,8.20,206.6,135,135,0,12:38:39
220,13.628825,100.500468,,0.015,1.003,-0.006,-1.366,2.464,-1.259,64.31,-31.589,7.84,-134,35,1006.74,0.42,0.22,0,95,8.20,220.0,135,135,0,12:38:40
221,13.628825,100.500468,,0.017,1.003,-0.004,-1.068,2.38,-1.48,64.134,-32.476,7.67,-133,35,1006.66,1.09,0.19,0,95,8.16,264.8,135,135,0,12:38:41
222,13.628825,100.500468,,0.018,1.006,-0.003,-1.251,2.396,-1.442,62.728,-33.896,8.351,-133,35,1006.68,0.92,0.19,0,95,8.17,254.7,135,135,0,12:38:42
223,13.628825,100.500468,,0.018,1.000,-0.006,-1.144,2.495,-1.328,62.728,-31.767,7.329,-133,35,1006.77,0.17,0.21,0,95,8.19,289.3,135,135,0,12:38:43
224,13.628825,100.500468,,0.017,1.005,-0.006,-1.091,2.525,-1.366,63.255,-31.944,8.181,-134,35,1006.67,1.00,0.20,0,95,8.20,244.5,135,135,0,12:38:44
225,13.628825,100.500468,,0.015,1.004,-0.005,-1.053,2.411,-1.488,64.661,-31.234,6.477,-132,35,1006.67,1.00,0.22,0,95,8.14,214.7,135,135,0,12:38:45
226,13.628825,100.500468,,0.017,1.005,-0.008,-1.167,2.327,-1.404,64.31,-32.299,8.863,-135,35,1006.69,0.84,0.20,0,95,8.20,206.9,135,135,0,12:38:46
227,13.628825,100.500468,,0.020,1.013,-0.009,-0.969,2.426,-1.366,64.31,-31.234,7.499,-134,35,1006.70,0.75,0.19,0,95,8.20,222.3,135,135,0,12:38:47
228,13.628825,100.500468,,0.017,1.004,-0.006,-1.007,2.419,-1.312,64.134,-32.121,5.624,-130,35,1006.71,0.67,0.21,0,95,8.15,286.7,135,135,0,12:38:48
229,13.628825,100.500468,,0.016,1.002,-0.009,-1.03,2.38,-1.389,63.08,-31.057,6.647,-132,35,1006.72,0.59,0.20,0,95,8.14,257.8,135,135,0,12:38:49
230,13.628825,100.500468,,0.017,1.004,-0.002,-1.297,2.594,-1.396,64.134,-32.831,7.67,-133,35,1006.73,0.50,0.19,0,95,8.14,273.2,135,135,0,12:38:50
231,13.628825,100.500468,,0.016,1.004,-0.004,-1.19,2.38,-1.427,61.85,-32.654,7.158,-132,35,1006.69,0.84,0.20,0,95,8.20,228.7,135,135,0,12:38:51
232,13.628825,100.500468,,0.018,1.004,-0.004,-1.022,2.38,-1.457,63.607,-32.299,7.158,-132,35,1006.71,0.67,0.23,0,95,8.16,216.7,135,135,0,12:38:52
                                                                                                                                                                                                                                                                                                                                                                                                                                                                                                                                                                                                                                                                                                                                                                                                                                                                                                                                                                                                                                                                                                                                                                                                                                                                                                                                                                                                                                                                                                                                                                                                                                                                                                                                                                                                                                                                                                                                                                                                                                                                                                                                                                                                                                                                                                                                                                                                                                                                                                                                                                                                                                                                                                                                                                                                                                                                                                    